-- MySQL dump 10.13  Distrib 8.0.34, for Win64 (x86_64)
--
-- Host: localhost    Database: acmeplex
-- ------------------------------------------------------
-- Server version	8.0.35

/*!40101 SET @OLD_CHARACTER_SET_CLIENT=@@CHARACTER_SET_CLIENT */;
/*!40101 SET @OLD_CHARACTER_SET_RESULTS=@@CHARACTER_SET_RESULTS */;
/*!40101 SET @OLD_COLLATION_CONNECTION=@@COLLATION_CONNECTION */;
/*!50503 SET NAMES utf8 */;
/*!40103 SET @OLD_TIME_ZONE=@@TIME_ZONE */;
/*!40103 SET TIME_ZONE='+00:00' */;
/*!40014 SET @OLD_UNIQUE_CHECKS=@@UNIQUE_CHECKS, UNIQUE_CHECKS=0 */;
/*!40014 SET @OLD_FOREIGN_KEY_CHECKS=@@FOREIGN_KEY_CHECKS, FOREIGN_KEY_CHECKS=0 */;
/*!40101 SET @OLD_SQL_MODE=@@SQL_MODE, SQL_MODE='NO_AUTO_VALUE_ON_ZERO' */;
/*!40111 SET @OLD_SQL_NOTES=@@SQL_NOTES, SQL_NOTES=0 */;

--
-- Table structure for table `movie`
--

DROP TABLE IF EXISTS `movie`;
/*!40101 SET @saved_cs_client     = @@character_set_client */;
/*!50503 SET character_set_client = utf8mb4 */;
CREATE TABLE `movie` (
  `id` int NOT NULL AUTO_INCREMENT,
  `movie_description` varchar(255) DEFAULT NULL,
  `movie_name` varchar(255) NOT NULL,
  `release_date` varchar(255) NOT NULL,
  PRIMARY KEY (`id`)
) ENGINE=InnoDB AUTO_INCREMENT=11 DEFAULT CHARSET=utf8mb4 COLLATE=utf8mb4_0900_ai_ci;
/*!40101 SET character_set_client = @saved_cs_client */;

--
-- Dumping data for table `movie`
--

LOCK TABLES `movie` WRITE;
/*!40000 ALTER TABLE `movie` DISABLE KEYS */;
INSERT INTO `movie` VALUES (1,'Description 1','Movie 1','2023-01-01'),(2,'Description 2','Movie 2','2023-02-02'),(3,'Description 3','Movie 3','2023-03-03'),(4,'Description 4','Movie 4','2023-04-04'),(5,'Description 5','Movie 5','2023-05-05'),(6,'Description 6','Movie 6','2023-06-06'),(7,'Description 7','Movie 7','2023-07-07'),(8,'Description 8','Movie 8','2023-08-08'),(9,'Description 9','Movie 9','2023-09-09'),(10,'Description 10','Movie 10','2023-10-10');
/*!40000 ALTER TABLE `movie` ENABLE KEYS */;
UNLOCK TABLES;

--
-- Table structure for table `movie_screenings`
--

DROP TABLE IF EXISTS `movie_screenings`;
/*!40101 SET @saved_cs_client     = @@character_set_client */;
/*!50503 SET character_set_client = utf8mb4 */;
CREATE TABLE `movie_screenings` (
  `movie_id` int NOT NULL,
  `screenings_id` bigint NOT NULL,
  UNIQUE KEY `UK7cgk1ppfcimvh5h9gcaux2fas` (`screenings_id`),
  KEY `FKo9k4h30rcoyje464fefsepgyt` (`movie_id`),
  CONSTRAINT `FKnjm3ygrgc80xcp27dxko2y7mb` FOREIGN KEY (`screenings_id`) REFERENCES `screenings` (`id`),
  CONSTRAINT `FKo9k4h30rcoyje464fefsepgyt` FOREIGN KEY (`movie_id`) REFERENCES `movie` (`id`)
) ENGINE=InnoDB DEFAULT CHARSET=utf8mb4 COLLATE=utf8mb4_0900_ai_ci;
/*!40101 SET character_set_client = @saved_cs_client */;

--
-- Dumping data for table `movie_screenings`
--

LOCK TABLES `movie_screenings` WRITE;
/*!40000 ALTER TABLE `movie_screenings` DISABLE KEYS */;
/*!40000 ALTER TABLE `movie_screenings` ENABLE KEYS */;
UNLOCK TABLES;

--
-- Table structure for table `ordinary_user`
--

DROP TABLE IF EXISTS `ordinary_user`;
/*!40101 SET @saved_cs_client     = @@character_set_client */;
/*!50503 SET character_set_client = utf8mb4 */;
CREATE TABLE `ordinary_user` (
  `admin_fee_expiration_date` varchar(255) DEFAULT NULL,
  `has_admin_fee` bit(1) NOT NULL,
  `id` bigint NOT NULL,
  PRIMARY KEY (`id`),
  CONSTRAINT `FKb1dju8wwdulxai3hb9j6uc57g` FOREIGN KEY (`id`) REFERENCES `user` (`id`)
) ENGINE=InnoDB DEFAULT CHARSET=utf8mb4 COLLATE=utf8mb4_0900_ai_ci;
/*!40101 SET character_set_client = @saved_cs_client */;

--
-- Dumping data for table `ordinary_user`
--

LOCK TABLES `ordinary_user` WRITE;
/*!40000 ALTER TABLE `ordinary_user` DISABLE KEYS */;
/*!40000 ALTER TABLE `ordinary_user` ENABLE KEYS */;
UNLOCK TABLES;

--
-- Table structure for table `receipt`
--

DROP TABLE IF EXISTS `receipt`;
/*!40101 SET @saved_cs_client     = @@character_set_client */;
/*!50503 SET character_set_client = utf8mb4 */;
CREATE TABLE `receipt` (
  `id` bigint NOT NULL AUTO_INCREMENT,
  `card_number` varchar(255) DEFAULT NULL,
  `cvv` int DEFAULT NULL,
  `expiry_date` varchar(255) DEFAULT NULL,
  `total_price` float NOT NULL,
  `transaction_date` varchar(255) NOT NULL,
  PRIMARY KEY (`id`)
) ENGINE=InnoDB AUTO_INCREMENT=48 DEFAULT CHARSET=utf8mb4 COLLATE=utf8mb4_0900_ai_ci;
/*!40101 SET character_set_client = @saved_cs_client */;

--
-- Dumping data for table `receipt`
--

LOCK TABLES `receipt` WRITE;
/*!40000 ALTER TABLE `receipt` DISABLE KEYS */;
/*!40000 ALTER TABLE `receipt` ENABLE KEYS */;
UNLOCK TABLES;

--
-- Table structure for table `receipt_seat_list`
--

DROP TABLE IF EXISTS `receipt_seat_list`;
/*!40101 SET @saved_cs_client     = @@character_set_client */;
/*!50503 SET character_set_client = utf8mb4 */;
CREATE TABLE `receipt_seat_list` (
  `receipt_id` bigint NOT NULL,
  `seat_list_id` bigint NOT NULL,
  UNIQUE KEY `UKd19t0f229qxa6dvil822d9n1w` (`seat_list_id`),
  KEY `FKpl7aix4rv7re3gveh8xnpbgpr` (`receipt_id`),
  CONSTRAINT `FK5w3b68jxftk1jwi2gabjtq6mw` FOREIGN KEY (`seat_list_id`) REFERENCES `seats` (`id`),
  CONSTRAINT `FKpl7aix4rv7re3gveh8xnpbgpr` FOREIGN KEY (`receipt_id`) REFERENCES `receipt` (`id`)
) ENGINE=InnoDB DEFAULT CHARSET=utf8mb4 COLLATE=utf8mb4_0900_ai_ci;
/*!40101 SET character_set_client = @saved_cs_client */;

--
-- Dumping data for table `receipt_seat_list`
--

LOCK TABLES `receipt_seat_list` WRITE;
/*!40000 ALTER TABLE `receipt_seat_list` DISABLE KEYS */;
/*!40000 ALTER TABLE `receipt_seat_list` ENABLE KEYS */;
UNLOCK TABLES;

--
-- Table structure for table `registered_user`
--

DROP TABLE IF EXISTS `registered_user`;
/*!40101 SET @saved_cs_client     = @@character_set_client */;
/*!50503 SET character_set_client = utf8mb4 */;
CREATE TABLE `registered_user` (
  `password` varchar(255) NOT NULL,
  `username` varchar(255) NOT NULL,
  `id` bigint NOT NULL,
  PRIMARY KEY (`id`),
  UNIQUE KEY `UKbpcdoul8n7slk4jjrymfe5oa4` (`username`),
  CONSTRAINT `FKmcfc3lkkshw71oewrhbvl806l` FOREIGN KEY (`id`) REFERENCES `user` (`id`)
) ENGINE=InnoDB DEFAULT CHARSET=utf8mb4 COLLATE=utf8mb4_0900_ai_ci;
/*!40101 SET character_set_client = @saved_cs_client */;

--
-- Dumping data for table `registered_user`
--

LOCK TABLES `registered_user` WRITE;
/*!40000 ALTER TABLE `registered_user` DISABLE KEYS */;
INSERT INTO `registered_user` VALUES ('123123','eugene999',1),('123123','bob123',2),('123456','TestByJustin',3),('Timmies','Timmy',4);
/*!40000 ALTER TABLE `registered_user` ENABLE KEYS */;
UNLOCK TABLES;

--
-- Table structure for table `screenings`
--

DROP TABLE IF EXISTS `screenings`;
/*!40101 SET @saved_cs_client     = @@character_set_client */;
/*!50503 SET character_set_client = utf8mb4 */;
CREATE TABLE `screenings` (
  `dtype` varchar(31) NOT NULL,
  `id` bigint NOT NULL AUTO_INCREMENT,
  `open_date` varchar(255) NOT NULL,
  `screen_date` varchar(255) NOT NULL,
  `early_date` varchar(255) NOT NULL,
  `percent_registered` float NOT NULL,
  `movie_id` int NOT NULL,
  `theatre_id` bigint NOT NULL,
  `screening_type` varchar(31) NOT NULL,
  PRIMARY KEY (`id`),
  KEY `FK84wqnyu8agvm4ttw5r2xyf40` (`movie_id`),
  KEY `FKina5weleoqaeiri0ym6duy0ys` (`theatre_id`),
  CONSTRAINT `FK84wqnyu8agvm4ttw5r2xyf40` FOREIGN KEY (`movie_id`) REFERENCES `movie` (`id`),
  CONSTRAINT `FKina5weleoqaeiri0ym6duy0ys` FOREIGN KEY (`theatre_id`) REFERENCES `theatre` (`id`)
) ENGINE=InnoDB AUTO_INCREMENT=11 DEFAULT CHARSET=utf8mb4 COLLATE=utf8mb4_0900_ai_ci;
/*!40101 SET character_set_client = @saved_cs_client */;

--
-- Dumping data for table `screenings`
--

LOCK TABLES `screenings` WRITE;
/*!40000 ALTER TABLE `screenings` DISABLE KEYS */;
INSERT INTO `screenings` VALUES ('Early',1,'2023-01-01','2023-01-01','2023-01-01',50,1,1,''),('Early',2,'2023-02-02','2023-02-02','2023-02-01',60,2,2,''),('Early',3,'2023-03-03','2023-03-03','2023-03-02',45,3,3,''),('Early',4,'2023-04-04','2023-04-04','2023-04-03',80,4,1,''),('Early',5,'2023-05-05','2023-05-05','2023-05-04',90,5,2,''),('Early',6,'2023-06-06','2023-06-06','2023-06-05',70,6,3,''),('Early',7,'2023-07-07','2023-07-07','2023-07-06',60,7,1,''),('Early',8,'2023-08-08','2023-08-08','2023-08-07',75,8,2,''),('Early',9,'2023-09-09','2023-09-09','2023-09-08',85,9,3,''),('Early',10,'2023-10-10','2023-10-10','2023-10-09',50,10,1,'');
/*!40000 ALTER TABLE `screenings` ENABLE KEYS */;
UNLOCK TABLES;

--
-- Table structure for table `screenings_seat_list`
--

DROP TABLE IF EXISTS `screenings_seat_list`;
/*!40101 SET @saved_cs_client     = @@character_set_client */;
/*!50503 SET character_set_client = utf8mb4 */;
CREATE TABLE `screenings_seat_list` (
  `screening_id` bigint NOT NULL,
  `seat_list_id` bigint NOT NULL,
  UNIQUE KEY `UKmcsv1vfh0b4caqy9fablc5mga` (`seat_list_id`),
  KEY `FKjyv90yx882offg5b66va4ew6o` (`screening_id`),
  CONSTRAINT `FK4evgordejitarr295km92q0r8` FOREIGN KEY (`seat_list_id`) REFERENCES `seats` (`id`),
  CONSTRAINT `FKjyv90yx882offg5b66va4ew6o` FOREIGN KEY (`screening_id`) REFERENCES `screenings` (`id`)
) ENGINE=InnoDB DEFAULT CHARSET=utf8mb4 COLLATE=utf8mb4_0900_ai_ci;
/*!40101 SET character_set_client = @saved_cs_client */;

--
-- Dumping data for table `screenings_seat_list`
--

LOCK TABLES `screenings_seat_list` WRITE;
/*!40000 ALTER TABLE `screenings_seat_list` DISABLE KEYS */;
INSERT INTO `screenings_seat_list` VALUES (1,1),(1,2),(1,3),(1,4),(1,5),(1,6),(1,7),(1,8),(1,9),(1,10),(1,11),(1,12),(1,13),(1,14),(1,15),(1,16),(1,17),(1,18),(1,19),(1,20),(1,21),(1,22),(1,23),(1,24),(1,25),(1,26),(1,27),(1,28),(1,29),(1,30),(1,31),(1,32),(1,33),(1,34),(1,35),(1,36),(1,37),(1,38),(1,39),(1,40),(1,41),(1,42),(1,43),(1,44),(1,45),(1,46),(1,47),(1,48),(1,49),(1,50),(1,51),(1,52),(1,53),(1,54),(1,55),(1,56),(1,57),(1,58),(1,59),(1,60),(1,61),(1,62),(1,63),(1,64),(1,65),(1,66),(1,67),(1,68),(1,69),(1,70),(1,71),(1,72),(1,73),(1,74),(1,75),(1,76),(1,77),(1,78),(1,79),(1,80),(1,81),(1,82),(1,83),(1,84),(1,85),(1,86),(1,87),(1,88),(1,89),(1,90),(1,91),(1,92),(1,93),(1,94),(1,95),(1,96),(1,97),(1,98),(1,99),(1,100),(2,101),(2,102),(2,103),(2,104),(2,105),(2,106),(2,107),(2,108),(2,109),(2,110),(2,111),(2,112),(2,113),(2,114),(2,115),(2,116),(2,117),(2,118),(2,119),(2,120),(2,121),(2,122),(2,123),(2,124),(2,125),(2,126),(2,127),(2,128),(2,129),(2,130),(2,131),(2,132),(2,133),(2,134),(2,135),(2,136),(2,137),(2,138),(2,139),(2,140),(2,141),(2,142),(2,143),(2,144),(2,145),(2,146),(2,147),(2,148),(2,149),(2,150),(2,151),(2,152),(2,153),(2,154),(2,155),(2,156),(2,157),(2,158),(2,159),(2,160),(2,161),(2,162),(2,163),(2,164),(2,165),(2,166),(2,167),(2,168),(2,169),(2,170),(2,171),(2,172),(2,173),(2,174),(2,175),(2,176),(2,177),(2,178),(2,179),(2,180),(2,181),(2,182),(2,183),(2,184),(2,185),(2,186),(2,187),(2,188),(2,189),(2,190),(2,191),(2,192),(2,193),(2,194),(2,195),(2,196),(2,197),(2,198),(2,199),(2,200),(3,201),(3,202),(3,203),(3,204),(3,205),(3,206),(3,207),(3,208),(3,209),(3,210),(3,211),(3,212),(3,213),(3,214),(3,215),(3,216),(3,217),(3,218),(3,219),(3,220),(3,221),(3,222),(3,223),(3,224),(3,225),(3,226),(3,227),(3,228),(3,229),(3,230),(3,231),(3,232),(3,233),(3,234),(3,235),(3,236),(3,237),(3,238),(3,239),(3,240),(3,241),(3,242),(3,243),(3,244),(3,245),(3,246),(3,247),(3,248),(3,249),(3,250),(3,251),(3,252),(3,253),(3,254),(3,255),(3,256),(3,257),(3,258),(3,259),(3,260),(3,261),(3,262),(3,263),(3,264),(3,265),(3,266),(3,267),(3,268),(3,269),(3,270),(3,271),(3,272),(3,273),(3,274),(3,275),(3,276),(3,277),(3,278),(3,279),(3,280),(3,281),(3,282),(3,283),(3,284),(3,285),(3,286),(3,287),(3,288),(3,289),(3,290),(3,291),(3,292),(3,293),(3,294),(3,295),(3,296),(3,297),(3,298),(3,299),(3,300),(4,301),(4,302),(4,303),(4,304),(4,305),(4,306),(4,307),(4,308),(4,309),(4,310),(4,311),(4,312),(4,313),(4,314),(4,315),(4,316),(4,317),(4,318),(4,319),(4,320),(4,321),(4,322),(4,323),(4,324),(4,325),(4,326),(4,327),(4,328),(4,329),(4,330),(4,331),(4,332),(4,333),(4,334),(4,335),(4,336),(4,337),(4,338),(4,339),(4,340),(4,341),(4,342),(4,343),(4,344),(4,345),(4,346),(4,347),(4,348),(4,349),(4,350),(4,351),(4,352),(4,353),(4,354),(4,355),(4,356),(4,357),(4,358),(4,359),(4,360),(4,361),(4,362),(4,363),(4,364),(4,365),(4,366),(4,367),(4,368),(4,369),(4,370),(4,371),(4,372),(4,373),(4,374),(4,375),(4,376),(4,377),(4,378),(4,379),(4,380),(4,381),(4,382),(4,383),(4,384),(4,385),(4,386),(4,387),(4,388),(4,389),(4,390),(4,391),(4,392),(4,393),(4,394),(4,395),(4,396),(4,397),(4,398),(4,399),(4,400),(5,401),(5,402),(5,403),(5,404),(5,405),(5,406),(5,407),(5,408),(5,409),(5,410),(5,411),(5,412),(5,413),(5,414),(5,415),(5,416),(5,417),(5,418),(5,419),(5,420),(5,421),(5,422),(5,423),(5,424),(5,425),(5,426),(5,427),(5,428),(5,429),(5,430),(5,431),(5,432),(5,433),(5,434),(5,435),(5,436),(5,437),(5,438),(5,439),(5,440),(5,441),(5,442),(5,443),(5,444),(5,445),(5,446),(5,447),(5,448),(5,449),(5,450),(5,451),(5,452),(5,453),(5,454),(5,455),(5,456),(5,457),(5,458),(5,459),(5,460),(5,461),(5,462),(5,463),(5,464),(5,465),(5,466),(5,467),(5,468),(5,469),(5,470),(5,471),(5,472),(5,473),(5,474),(5,475),(5,476),(5,477),(5,478),(5,479),(5,480),(5,481),(5,482),(5,483),(5,484),(5,485),(5,486),(5,487),(5,488),(5,489),(5,490),(5,491),(5,492),(5,493),(5,494),(5,495),(5,496),(5,497),(5,498),(5,499),(5,500),(6,501),(6,502),(6,503),(6,504),(6,505),(6,506),(6,507),(6,508),(6,509),(6,510),(6,511),(6,512),(6,513),(6,514),(6,515),(6,516),(6,517),(6,518),(6,519),(6,520),(6,521),(6,522),(6,523),(6,524),(6,525),(6,526),(6,527),(6,528),(6,529),(6,530),(6,531),(6,532),(6,533),(6,534),(6,535),(6,536),(6,537),(6,538),(6,539),(6,540),(6,541),(6,542),(6,543),(6,544),(6,545),(6,546),(6,547),(6,548),(6,549),(6,550),(6,551),(6,552),(6,553),(6,554),(6,555),(6,556),(6,557),(6,558),(6,559),(6,560),(6,561),(6,562),(6,563),(6,564),(6,565),(6,566),(6,567),(6,568),(6,569),(6,570),(6,571),(6,572),(6,573),(6,574),(6,575),(6,576),(6,577),(6,578),(6,579),(6,580),(6,581),(6,582),(6,583),(6,584),(6,585),(6,586),(6,587),(6,588),(6,589),(6,590),(6,591),(6,592),(6,593),(6,594),(6,595),(6,596),(6,597),(6,598),(6,599),(6,600),(7,601),(7,602),(7,603),(7,604),(7,605),(7,606),(7,607),(7,608),(7,609),(7,610),(7,611),(7,612),(7,613),(7,614),(7,615),(7,616),(7,617),(7,618),(7,619),(7,620),(7,621),(7,622),(7,623),(7,624),(7,625),(7,626),(7,627),(7,628),(7,629),(7,630),(7,631),(7,632),(7,633),(7,634),(7,635),(7,636),(7,637),(7,638),(7,639),(7,640),(7,641),(7,642),(7,643),(7,644),(7,645),(7,646),(7,647),(7,648),(7,649),(7,650),(7,651),(7,652),(7,653),(7,654),(7,655),(7,656),(7,657),(7,658),(7,659),(7,660),(7,661),(7,662),(7,663),(7,664),(7,665),(7,666),(7,667),(7,668),(7,669),(7,670),(7,671),(7,672),(7,673),(7,674),(7,675),(7,676),(7,677),(7,678),(7,679),(7,680),(7,681),(7,682),(7,683),(7,684),(7,685),(7,686),(7,687),(7,688),(7,689),(7,690),(7,691),(7,692),(7,693),(7,694),(7,695),(7,696),(7,697),(7,698),(7,699),(7,700),(8,701),(8,702),(8,703),(8,704),(8,705),(8,706),(8,707),(8,708),(8,709),(8,710),(8,711),(8,712),(8,713),(8,714),(8,715),(8,716),(8,717),(8,718),(8,719),(8,720),(8,721),(8,722),(8,723),(8,724),(8,725),(8,726),(8,727),(8,728),(8,729),(8,730),(8,731),(8,732),(8,733),(8,734),(8,735),(8,736),(8,737),(8,738),(8,739),(8,740),(8,741),(8,742),(8,743),(8,744),(8,745),(8,746),(8,747),(8,748),(8,749),(8,750),(8,751),(8,752),(8,753),(8,754),(8,755),(8,756),(8,757),(8,758),(8,759),(8,760),(8,761),(8,762),(8,763),(8,764),(8,765),(8,766),(8,767),(8,768),(8,769),(8,770),(8,771),(8,772),(8,773),(8,774),(8,775),(8,776),(8,777),(8,778),(8,779),(8,780),(8,781),(8,782),(8,783),(8,784),(8,785),(8,786),(8,787),(8,788),(8,789),(8,790),(8,791),(8,792),(8,793),(8,794),(8,795),(8,796),(8,797),(8,798),(8,799),(8,800),(9,801),(9,802),(9,803),(9,804),(9,805),(9,806),(9,807),(9,808),(9,809),(9,810),(9,811),(9,812),(9,813),(9,814),(9,815),(9,816),(9,817),(9,818),(9,819),(9,820),(9,821),(9,822),(9,823),(9,824),(9,825),(9,826),(9,827),(9,828),(9,829),(9,830),(9,831),(9,832),(9,833),(9,834),(9,835),(9,836),(9,837),(9,838),(9,839),(9,840),(9,841),(9,842),(9,843),(9,844),(9,845),(9,846),(9,847),(9,848),(9,849),(9,850),(9,851),(9,852),(9,853),(9,854),(9,855),(9,856),(9,857),(9,858),(9,859),(9,860),(9,861),(9,862),(9,863),(9,864),(9,865),(9,866),(9,867),(9,868),(9,869),(9,870),(9,871),(9,872),(9,873),(9,874),(9,875),(9,876),(9,877),(9,878),(9,879),(9,880),(9,881),(9,882),(9,883),(9,884),(9,885),(9,886),(9,887),(9,888),(9,889),(9,890),(9,891),(9,892),(9,893),(9,894),(9,895),(9,896),(9,897),(9,898),(9,899),(9,900),(10,901),(10,902),(10,903),(10,904),(10,905),(10,906),(10,907),(10,908),(10,909),(10,910),(10,911),(10,912),(10,913),(10,914),(10,915),(10,916),(10,917),(10,918),(10,919),(10,920),(10,921),(10,922),(10,923),(10,924),(10,925),(10,926),(10,927),(10,928),(10,929),(10,930),(10,931),(10,932),(10,933),(10,934),(10,935),(10,936),(10,937),(10,938),(10,939),(10,940),(10,941),(10,942),(10,943),(10,944),(10,945),(10,946),(10,947),(10,948),(10,949),(10,950),(10,951),(10,952),(10,953),(10,954),(10,955),(10,956),(10,957),(10,958),(10,959),(10,960),(10,961),(10,962),(10,963),(10,964),(10,965),(10,966),(10,967),(10,968),(10,969),(10,970),(10,971),(10,972),(10,973),(10,974),(10,975),(10,976),(10,977),(10,978),(10,979),(10,980),(10,981),(10,982),(10,983),(10,984),(10,985),(10,986),(10,987),(10,988),(10,989),(10,990),(10,991),(10,992),(10,993),(10,994),(10,995),(10,996),(10,997),(10,998),(10,999),(10,1000);
/*!40000 ALTER TABLE `screenings_seat_list` ENABLE KEYS */;
UNLOCK TABLES;

--
-- Table structure for table `seats`
--

DROP TABLE IF EXISTS `seats`;
/*!40101 SET @saved_cs_client     = @@character_set_client */;
/*!50503 SET character_set_client = utf8mb4 */;
CREATE TABLE `seats` (
  `id` bigint NOT NULL,
  `price` float NOT NULL,
  `seat_number` int NOT NULL,
  `registered_user_id` bigint DEFAULT NULL,
  `screening_id` bigint NOT NULL,
  `ticket_booking_id` bigint DEFAULT NULL,
  PRIMARY KEY (`id`),
  KEY `FK2fmwmubq8rx2vcjppduvaopsc` (`registered_user_id`),
  KEY `FKlply6gd8uk8rrqr1muf7s8hn` (`screening_id`),
  KEY `FKnhamgm9a6si1xt3qsc2r1gbj7` (`ticket_booking_id`),
  CONSTRAINT `FK2fmwmubq8rx2vcjppduvaopsc` FOREIGN KEY (`registered_user_id`) REFERENCES `registered_user` (`id`),
  CONSTRAINT `FKlply6gd8uk8rrqr1muf7s8hn` FOREIGN KEY (`screening_id`) REFERENCES `screenings` (`id`),
  CONSTRAINT `FKnhamgm9a6si1xt3qsc2r1gbj7` FOREIGN KEY (`ticket_booking_id`) REFERENCES `ticket_booking` (`id`)
) ENGINE=InnoDB DEFAULT CHARSET=utf8mb4 COLLATE=utf8mb4_0900_ai_ci;
/*!40101 SET character_set_client = @saved_cs_client */;

--
-- Dumping data for table `seats`
--

LOCK TABLES `seats` WRITE;
/*!40000 ALTER TABLE `seats` DISABLE KEYS */;
INSERT INTO `seats` VALUES (1,41.2,1,NULL,1,NULL),(2,41.2,2,NULL,1,NULL),(3,41.2,3,NULL,1,NULL),(4,41.2,4,NULL,1,NULL),(5,41.2,5,NULL,1,NULL),(6,41.2,6,NULL,1,NULL),(7,41.2,7,NULL,1,NULL),(8,41.2,8,NULL,1,NULL),(9,41.2,9,NULL,1,NULL),(10,41.2,10,NULL,1,NULL),(11,41.2,11,NULL,1,NULL),(12,41.2,12,NULL,1,NULL),(13,41.2,13,NULL,1,NULL),(14,41.2,14,NULL,1,NULL),(15,41.2,15,NULL,1,NULL),(16,41.2,16,NULL,1,NULL),(17,41.2,17,NULL,1,NULL),(18,41.2,18,NULL,1,NULL),(19,41.2,19,NULL,1,NULL),(20,41.2,20,NULL,1,NULL),(21,41.2,21,NULL,1,NULL),(22,41.2,22,NULL,1,NULL),(23,41.2,23,NULL,1,NULL),(24,41.2,24,NULL,1,NULL),(25,41.2,25,NULL,1,NULL),(26,41.2,26,NULL,1,NULL),(27,41.2,27,NULL,1,NULL),(28,41.2,28,NULL,1,NULL),(29,41.2,29,NULL,1,NULL),(30,41.2,30,NULL,1,NULL),(31,41.2,31,NULL,1,NULL),(32,41.2,32,NULL,1,NULL),(33,41.2,33,NULL,1,NULL),(34,41.2,34,NULL,1,NULL),(35,41.2,35,NULL,1,NULL),(36,41.2,36,NULL,1,NULL),(37,41.2,37,NULL,1,NULL),(38,41.2,38,NULL,1,NULL),(39,41.2,39,NULL,1,NULL),(40,41.2,40,NULL,1,NULL),(41,41.2,41,NULL,1,NULL),(42,41.2,42,NULL,1,NULL),(43,41.2,43,NULL,1,NULL),(44,41.2,44,NULL,1,NULL),(45,41.2,45,NULL,1,NULL),(46,41.2,46,NULL,1,NULL),(47,41.2,47,NULL,1,NULL),(48,41.2,48,NULL,1,NULL),(49,41.2,49,NULL,1,NULL),(50,41.2,50,NULL,1,NULL),(51,41.2,51,NULL,1,NULL),(52,41.2,52,NULL,1,NULL),(53,41.2,53,NULL,1,NULL),(54,41.2,54,NULL,1,NULL),(55,41.2,55,NULL,1,NULL),(56,41.2,56,NULL,1,NULL),(57,41.2,57,NULL,1,NULL),(58,41.2,58,NULL,1,NULL),(59,41.2,59,NULL,1,NULL),(60,41.2,60,NULL,1,NULL),(61,41.2,61,NULL,1,NULL),(62,41.2,62,NULL,1,NULL),(63,41.2,63,NULL,1,NULL),(64,41.2,64,NULL,1,NULL),(65,41.2,65,NULL,1,NULL),(66,41.2,66,NULL,1,NULL),(67,41.2,67,NULL,1,NULL),(68,41.2,68,NULL,1,NULL),(69,41.2,69,NULL,1,NULL),(70,41.2,70,NULL,1,NULL),(71,41.2,71,NULL,1,NULL),(72,41.2,72,NULL,1,NULL),(73,41.2,73,NULL,1,NULL),(74,41.2,74,NULL,1,NULL),(75,41.2,75,NULL,1,NULL),(76,41.2,76,NULL,1,NULL),(77,41.2,77,NULL,1,NULL),(78,41.2,78,NULL,1,NULL),(79,41.2,79,NULL,1,NULL),(80,41.2,80,NULL,1,NULL),(81,41.2,81,NULL,1,NULL),(82,41.2,82,NULL,1,NULL),(83,41.2,83,NULL,1,NULL),(84,41.2,84,NULL,1,NULL),(85,41.2,85,NULL,1,NULL),(86,41.2,86,NULL,1,NULL),(87,41.2,87,NULL,1,NULL),(88,41.2,88,NULL,1,NULL),(89,41.2,89,NULL,1,NULL),(90,41.2,90,NULL,1,NULL),(91,41.2,91,NULL,1,NULL),(92,41.2,92,NULL,1,NULL),(93,41.2,93,NULL,1,NULL),(94,41.2,94,NULL,1,NULL),(95,41.2,95,NULL,1,NULL),(96,41.2,96,NULL,1,NULL),(97,41.2,97,NULL,1,NULL),(98,41.2,98,NULL,1,NULL),(99,41.2,99,NULL,1,NULL),(100,41.2,100,NULL,1,NULL),(101,30.26,1,NULL,2,NULL),(102,30.26,2,NULL,2,NULL),(103,30.26,3,NULL,2,NULL),(104,30.26,4,NULL,2,NULL),(105,30.26,5,NULL,2,NULL),(106,30.26,6,NULL,2,NULL),(107,30.26,7,NULL,2,NULL),(108,30.26,8,NULL,2,NULL),(109,30.26,9,NULL,2,NULL),(110,30.26,10,NULL,2,NULL),(111,30.26,11,NULL,2,NULL),(112,30.26,12,NULL,2,NULL),(113,30.26,13,NULL,2,NULL),(114,30.26,14,NULL,2,NULL),(115,30.26,15,NULL,2,NULL),(116,30.26,16,NULL,2,NULL),(117,30.26,17,NULL,2,NULL),(118,30.26,18,NULL,2,NULL),(119,30.26,19,NULL,2,NULL),(120,30.26,20,NULL,2,NULL),(121,30.26,21,NULL,2,NULL),(122,30.26,22,NULL,2,NULL),(123,30.26,23,NULL,2,NULL),(124,30.26,24,NULL,2,NULL),(125,30.26,25,NULL,2,NULL),(126,30.26,26,NULL,2,NULL),(127,30.26,27,NULL,2,NULL),(128,30.26,28,NULL,2,NULL),(129,30.26,29,NULL,2,NULL),(130,30.26,30,NULL,2,NULL),(131,30.26,31,NULL,2,NULL),(132,30.26,32,NULL,2,NULL),(133,30.26,33,NULL,2,NULL),(134,30.26,34,NULL,2,NULL),(135,30.26,35,NULL,2,NULL),(136,30.26,36,NULL,2,NULL),(137,30.26,37,NULL,2,NULL),(138,30.26,38,NULL,2,NULL),(139,30.26,39,NULL,2,NULL),(140,30.26,40,NULL,2,NULL),(141,30.26,41,NULL,2,NULL),(142,30.26,42,NULL,2,NULL),(143,30.26,43,NULL,2,NULL),(144,30.26,44,NULL,2,NULL),(145,30.26,45,NULL,2,NULL),(146,30.26,46,NULL,2,NULL),(147,30.26,47,NULL,2,NULL),(148,30.26,48,NULL,2,NULL),(149,30.26,49,NULL,2,NULL),(150,30.26,50,NULL,2,NULL),(151,30.26,51,NULL,2,NULL),(152,30.26,52,NULL,2,NULL),(153,30.26,53,NULL,2,NULL),(154,30.26,54,NULL,2,NULL),(155,30.26,55,NULL,2,NULL),(156,30.26,56,NULL,2,NULL),(157,30.26,57,NULL,2,NULL),(158,30.26,58,NULL,2,NULL),(159,30.26,59,NULL,2,NULL),(160,30.26,60,NULL,2,NULL),(161,30.26,61,NULL,2,NULL),(162,30.26,62,NULL,2,NULL),(163,30.26,63,NULL,2,NULL),(164,30.26,64,NULL,2,NULL),(165,30.26,65,NULL,2,NULL),(166,30.26,66,NULL,2,NULL),(167,30.26,67,NULL,2,NULL),(168,30.26,68,NULL,2,NULL),(169,30.26,69,NULL,2,NULL),(170,30.26,70,NULL,2,NULL),(171,30.26,71,NULL,2,NULL),(172,30.26,72,NULL,2,NULL),(173,30.26,73,NULL,2,NULL),(174,30.26,74,NULL,2,NULL),(175,30.26,75,NULL,2,NULL),(176,30.26,76,NULL,2,NULL),(177,30.26,77,NULL,2,NULL),(178,30.26,78,NULL,2,NULL),(179,30.26,79,NULL,2,NULL),(180,30.26,80,NULL,2,NULL),(181,30.26,81,NULL,2,NULL),(182,30.26,82,NULL,2,NULL),(183,30.26,83,NULL,2,NULL),(184,30.26,84,NULL,2,NULL),(185,30.26,85,NULL,2,NULL),(186,30.26,86,NULL,2,NULL),(187,30.26,87,NULL,2,NULL),(188,30.26,88,NULL,2,NULL),(189,30.26,89,NULL,2,NULL),(190,30.26,90,NULL,2,NULL),(191,30.26,91,NULL,2,NULL),(192,30.26,92,NULL,2,NULL),(193,30.26,93,NULL,2,NULL),(194,30.26,94,NULL,2,NULL),(195,30.26,95,NULL,2,NULL),(196,30.26,96,NULL,2,NULL),(197,30.26,97,NULL,2,NULL),(198,30.26,98,NULL,2,NULL),(199,30.26,99,NULL,2,NULL),(200,30.26,100,NULL,2,NULL),(201,30.55,1,NULL,3,NULL),(202,30.55,2,NULL,3,NULL),(203,30.55,3,NULL,3,NULL),(204,30.55,4,NULL,3,NULL),(205,30.55,5,NULL,3,NULL),(206,30.55,6,NULL,3,NULL),(207,30.55,7,NULL,3,NULL),(208,30.55,8,NULL,3,NULL),(209,30.55,9,NULL,3,NULL),(210,30.55,10,NULL,3,NULL),(211,30.55,11,NULL,3,NULL),(212,30.55,12,NULL,3,NULL),(213,30.55,13,NULL,3,NULL),(214,30.55,14,NULL,3,NULL),(215,30.55,15,NULL,3,NULL),(216,30.55,16,NULL,3,NULL),(217,30.55,17,NULL,3,NULL),(218,30.55,18,NULL,3,NULL),(219,30.55,19,NULL,3,NULL),(220,30.55,20,NULL,3,NULL),(221,30.55,21,NULL,3,NULL),(222,30.55,22,NULL,3,NULL),(223,30.55,23,NULL,3,NULL),(224,30.55,24,NULL,3,NULL),(225,30.55,25,NULL,3,NULL),(226,30.55,26,NULL,3,NULL),(227,30.55,27,NULL,3,NULL),(228,30.55,28,NULL,3,NULL),(229,30.55,29,NULL,3,NULL),(230,30.55,30,NULL,3,NULL),(231,30.55,31,NULL,3,NULL),(232,30.55,32,NULL,3,NULL),(233,30.55,33,NULL,3,NULL),(234,30.55,34,NULL,3,NULL),(235,30.55,35,NULL,3,NULL),(236,30.55,36,NULL,3,NULL),(237,30.55,37,NULL,3,NULL),(238,30.55,38,NULL,3,NULL),(239,30.55,39,NULL,3,NULL),(240,30.55,40,NULL,3,NULL),(241,30.55,41,NULL,3,NULL),(242,30.55,42,NULL,3,NULL),(243,30.55,43,NULL,3,NULL),(244,30.55,44,NULL,3,NULL),(245,30.55,45,NULL,3,NULL),(246,30.55,46,NULL,3,NULL),(247,30.55,47,NULL,3,NULL),(248,30.55,48,NULL,3,NULL),(249,30.55,49,NULL,3,NULL),(250,30.55,50,NULL,3,NULL),(251,30.55,51,NULL,3,NULL),(252,30.55,52,NULL,3,NULL),(253,30.55,53,NULL,3,NULL),(254,30.55,54,NULL,3,NULL),(255,30.55,55,NULL,3,NULL),(256,30.55,56,NULL,3,NULL),(257,30.55,57,NULL,3,NULL),(258,30.55,58,NULL,3,NULL),(259,30.55,59,NULL,3,NULL),(260,30.55,60,NULL,3,NULL),(261,30.55,61,NULL,3,NULL),(262,30.55,62,NULL,3,NULL),(263,30.55,63,NULL,3,NULL),(264,30.55,64,NULL,3,NULL),(265,30.55,65,NULL,3,NULL),(266,30.55,66,NULL,3,NULL),(267,30.55,67,NULL,3,NULL),(268,30.55,68,NULL,3,NULL),(269,30.55,69,NULL,3,NULL),(270,30.55,70,NULL,3,NULL),(271,30.55,71,NULL,3,NULL),(272,30.55,72,NULL,3,NULL),(273,30.55,73,NULL,3,NULL),(274,30.55,74,NULL,3,NULL),(275,30.55,75,NULL,3,NULL),(276,30.55,76,NULL,3,NULL),(277,30.55,77,NULL,3,NULL),(278,30.55,78,NULL,3,NULL),(279,30.55,79,NULL,3,NULL),(280,30.55,80,NULL,3,NULL),(281,30.55,81,NULL,3,NULL),(282,30.55,82,NULL,3,NULL),(283,30.55,83,NULL,3,NULL),(284,30.55,84,NULL,3,NULL),(285,30.55,85,NULL,3,NULL),(286,30.55,86,NULL,3,NULL),(287,30.55,87,NULL,3,NULL),(288,30.55,88,NULL,3,NULL),(289,30.55,89,NULL,3,NULL),(290,30.55,90,NULL,3,NULL),(291,30.55,91,NULL,3,NULL),(292,30.55,92,NULL,3,NULL),(293,30.55,93,NULL,3,NULL),(294,30.55,94,NULL,3,NULL),(295,30.55,95,NULL,3,NULL),(296,30.55,96,NULL,3,NULL),(297,30.55,97,NULL,3,NULL),(298,30.55,98,NULL,3,NULL),(299,30.55,99,NULL,3,NULL),(300,30.55,100,NULL,3,NULL),(301,26.95,1,NULL,4,NULL),(302,26.95,2,NULL,4,NULL),(303,26.95,3,NULL,4,NULL),(304,26.95,4,NULL,4,NULL),(305,26.95,5,NULL,4,NULL),(306,26.95,6,NULL,4,NULL),(307,26.95,7,NULL,4,NULL),(308,26.95,8,NULL,4,NULL),(309,26.95,9,NULL,4,NULL),(310,26.95,10,NULL,4,NULL),(311,26.95,11,NULL,4,NULL),(312,26.95,12,NULL,4,NULL),(313,26.95,13,NULL,4,NULL),(314,26.95,14,NULL,4,NULL),(315,26.95,15,NULL,4,NULL),(316,26.95,16,NULL,4,NULL),(317,26.95,17,NULL,4,NULL),(318,26.95,18,NULL,4,NULL),(319,26.95,19,NULL,4,NULL),(320,26.95,20,NULL,4,NULL),(321,26.95,21,NULL,4,NULL),(322,26.95,22,NULL,4,NULL),(323,26.95,23,NULL,4,NULL),(324,26.95,24,NULL,4,NULL),(325,26.95,25,NULL,4,NULL),(326,26.95,26,NULL,4,NULL),(327,26.95,27,NULL,4,NULL),(328,26.95,28,NULL,4,NULL),(329,26.95,29,NULL,4,NULL),(330,26.95,30,NULL,4,NULL),(331,26.95,31,NULL,4,NULL),(332,26.95,32,NULL,4,NULL),(333,26.95,33,NULL,4,NULL),(334,26.95,34,NULL,4,NULL),(335,26.95,35,NULL,4,NULL),(336,26.95,36,NULL,4,NULL),(337,26.95,37,NULL,4,NULL),(338,26.95,38,NULL,4,NULL),(339,26.95,39,NULL,4,NULL),(340,26.95,40,NULL,4,NULL),(341,26.95,41,NULL,4,NULL),(342,26.95,42,NULL,4,NULL),(343,26.95,43,NULL,4,NULL),(344,26.95,44,NULL,4,NULL),(345,26.95,45,NULL,4,NULL),(346,26.95,46,NULL,4,NULL),(347,26.95,47,NULL,4,NULL),(348,26.95,48,NULL,4,NULL),(349,26.95,49,NULL,4,NULL),(350,26.95,50,NULL,4,NULL),(351,26.95,51,NULL,4,NULL),(352,26.95,52,NULL,4,NULL),(353,26.95,53,NULL,4,NULL),(354,26.95,54,NULL,4,NULL),(355,26.95,55,NULL,4,NULL),(356,26.95,56,NULL,4,NULL),(357,26.95,57,NULL,4,NULL),(358,26.95,58,NULL,4,NULL),(359,26.95,59,NULL,4,NULL),(360,26.95,60,NULL,4,NULL),(361,26.95,61,NULL,4,NULL),(362,26.95,62,NULL,4,NULL),(363,26.95,63,NULL,4,NULL),(364,26.95,64,NULL,4,NULL),(365,26.95,65,NULL,4,NULL),(366,26.95,66,NULL,4,NULL),(367,26.95,67,NULL,4,NULL),(368,26.95,68,NULL,4,NULL),(369,26.95,69,NULL,4,NULL),(370,26.95,70,NULL,4,NULL),(371,26.95,71,NULL,4,NULL),(372,26.95,72,NULL,4,NULL),(373,26.95,73,NULL,4,NULL),(374,26.95,74,NULL,4,NULL),(375,26.95,75,NULL,4,NULL),(376,26.95,76,NULL,4,NULL),(377,26.95,77,NULL,4,NULL),(378,26.95,78,NULL,4,NULL),(379,26.95,79,NULL,4,NULL),(380,26.95,80,NULL,4,NULL),(381,26.95,81,NULL,4,NULL),(382,26.95,82,NULL,4,NULL),(383,26.95,83,NULL,4,NULL),(384,26.95,84,NULL,4,NULL),(385,26.95,85,NULL,4,NULL),(386,26.95,86,NULL,4,NULL),(387,26.95,87,NULL,4,NULL),(388,26.95,88,NULL,4,NULL),(389,26.95,89,NULL,4,NULL),(390,26.95,90,NULL,4,NULL),(391,26.95,91,NULL,4,NULL),(392,26.95,92,NULL,4,NULL),(393,26.95,93,NULL,4,NULL),(394,26.95,94,NULL,4,NULL),(395,26.95,95,NULL,4,NULL),(396,26.95,96,NULL,4,NULL),(397,26.95,97,NULL,4,NULL),(398,26.95,98,NULL,4,NULL),(399,26.95,99,NULL,4,NULL),(400,26.95,100,NULL,4,NULL),(401,48.29,1,NULL,5,NULL),(402,48.29,2,NULL,5,NULL),(403,48.29,3,NULL,5,NULL),(404,48.29,4,NULL,5,NULL),(405,48.29,5,NULL,5,NULL),(406,48.29,6,NULL,5,NULL),(407,48.29,7,NULL,5,NULL),(408,48.29,8,NULL,5,NULL),(409,48.29,9,NULL,5,NULL),(410,48.29,10,NULL,5,NULL),(411,48.29,11,NULL,5,NULL),(412,48.29,12,NULL,5,NULL),(413,48.29,13,NULL,5,NULL),(414,48.29,14,NULL,5,NULL),(415,48.29,15,NULL,5,NULL),(416,48.29,16,NULL,5,NULL),(417,48.29,17,NULL,5,NULL),(418,48.29,18,NULL,5,NULL),(419,48.29,19,NULL,5,NULL),(420,48.29,20,NULL,5,NULL),(421,48.29,21,NULL,5,NULL),(422,48.29,22,NULL,5,NULL),(423,48.29,23,NULL,5,NULL),(424,48.29,24,NULL,5,NULL),(425,48.29,25,NULL,5,NULL),(426,48.29,26,NULL,5,NULL),(427,48.29,27,NULL,5,NULL),(428,48.29,28,NULL,5,NULL),(429,48.29,29,NULL,5,NULL),(430,48.29,30,NULL,5,NULL),(431,48.29,31,NULL,5,NULL),(432,48.29,32,NULL,5,NULL),(433,48.29,33,NULL,5,NULL),(434,48.29,34,NULL,5,NULL),(435,48.29,35,NULL,5,NULL),(436,48.29,36,NULL,5,NULL),(437,48.29,37,NULL,5,NULL),(438,48.29,38,NULL,5,NULL),(439,48.29,39,NULL,5,NULL),(440,48.29,40,NULL,5,NULL),(441,48.29,41,NULL,5,NULL),(442,48.29,42,NULL,5,NULL),(443,48.29,43,NULL,5,NULL),(444,48.29,44,NULL,5,NULL),(445,48.29,45,NULL,5,NULL),(446,48.29,46,NULL,5,NULL),(447,48.29,47,NULL,5,NULL),(448,48.29,48,NULL,5,NULL),(449,48.29,49,NULL,5,NULL),(450,48.29,50,NULL,5,NULL),(451,48.29,51,NULL,5,NULL),(452,48.29,52,NULL,5,NULL),(453,48.29,53,NULL,5,NULL),(454,48.29,54,NULL,5,NULL),(455,48.29,55,NULL,5,NULL),(456,48.29,56,NULL,5,NULL),(457,48.29,57,NULL,5,NULL),(458,48.29,58,NULL,5,NULL),(459,48.29,59,NULL,5,NULL),(460,48.29,60,NULL,5,NULL),(461,48.29,61,NULL,5,NULL),(462,48.29,62,NULL,5,NULL),(463,48.29,63,NULL,5,NULL),(464,48.29,64,NULL,5,NULL),(465,48.29,65,NULL,5,NULL),(466,48.29,66,NULL,5,NULL),(467,48.29,67,NULL,5,NULL),(468,48.29,68,NULL,5,NULL),(469,48.29,69,NULL,5,NULL),(470,48.29,70,NULL,5,NULL),(471,48.29,71,NULL,5,NULL),(472,48.29,72,NULL,5,NULL),(473,48.29,73,NULL,5,NULL),(474,48.29,74,NULL,5,NULL),(475,48.29,75,NULL,5,NULL),(476,48.29,76,NULL,5,NULL),(477,48.29,77,NULL,5,NULL),(478,48.29,78,NULL,5,NULL),(479,48.29,79,NULL,5,NULL),(480,48.29,80,NULL,5,NULL),(481,48.29,81,NULL,5,NULL),(482,48.29,82,NULL,5,NULL),(483,48.29,83,NULL,5,NULL),(484,48.29,84,NULL,5,NULL),(485,48.29,85,NULL,5,NULL),(486,48.29,86,NULL,5,NULL),(487,48.29,87,NULL,5,NULL),(488,48.29,88,NULL,5,NULL),(489,48.29,89,NULL,5,NULL),(490,48.29,90,NULL,5,NULL),(491,48.29,91,NULL,5,NULL),(492,48.29,92,NULL,5,NULL),(493,48.29,93,NULL,5,NULL),(494,48.29,94,NULL,5,NULL),(495,48.29,95,NULL,5,NULL),(496,48.29,96,NULL,5,NULL),(497,48.29,97,NULL,5,NULL),(498,48.29,98,NULL,5,NULL),(499,48.29,99,NULL,5,NULL),(500,48.29,100,NULL,5,NULL),(501,38.65,1,NULL,6,NULL),(502,38.65,2,NULL,6,NULL),(503,38.65,3,NULL,6,NULL),(504,38.65,4,NULL,6,NULL),(505,38.65,5,NULL,6,NULL),(506,38.65,6,NULL,6,NULL),(507,38.65,7,NULL,6,NULL),(508,38.65,8,NULL,6,NULL),(509,38.65,9,NULL,6,NULL),(510,38.65,10,NULL,6,NULL),(511,38.65,11,NULL,6,NULL),(512,38.65,12,NULL,6,NULL),(513,38.65,13,NULL,6,NULL),(514,38.65,14,NULL,6,NULL),(515,38.65,15,NULL,6,NULL),(516,38.65,16,NULL,6,NULL),(517,38.65,17,NULL,6,NULL),(518,38.65,18,NULL,6,NULL),(519,38.65,19,NULL,6,NULL),(520,38.65,20,NULL,6,NULL),(521,38.65,21,NULL,6,NULL),(522,38.65,22,NULL,6,NULL),(523,38.65,23,NULL,6,NULL),(524,38.65,24,NULL,6,NULL),(525,38.65,25,NULL,6,NULL),(526,38.65,26,NULL,6,NULL),(527,38.65,27,NULL,6,NULL),(528,38.65,28,NULL,6,NULL),(529,38.65,29,NULL,6,NULL),(530,38.65,30,NULL,6,NULL),(531,38.65,31,NULL,6,NULL),(532,38.65,32,NULL,6,NULL),(533,38.65,33,NULL,6,NULL),(534,38.65,34,NULL,6,NULL),(535,38.65,35,NULL,6,NULL),(536,38.65,36,NULL,6,NULL),(537,38.65,37,NULL,6,NULL),(538,38.65,38,NULL,6,NULL),(539,38.65,39,NULL,6,NULL),(540,38.65,40,NULL,6,NULL),(541,38.65,41,NULL,6,NULL),(542,38.65,42,NULL,6,NULL),(543,38.65,43,NULL,6,NULL),(544,38.65,44,NULL,6,NULL),(545,38.65,45,NULL,6,NULL),(546,38.65,46,NULL,6,NULL),(547,38.65,47,NULL,6,NULL),(548,38.65,48,NULL,6,NULL),(549,38.65,49,NULL,6,NULL),(550,38.65,50,NULL,6,NULL),(551,38.65,51,NULL,6,NULL),(552,38.65,52,NULL,6,NULL),(553,38.65,53,NULL,6,NULL),(554,38.65,54,NULL,6,NULL),(555,38.65,55,NULL,6,NULL),(556,38.65,56,NULL,6,NULL),(557,38.65,57,NULL,6,NULL),(558,38.65,58,NULL,6,NULL),(559,38.65,59,NULL,6,NULL),(560,38.65,60,NULL,6,NULL),(561,38.65,61,NULL,6,NULL),(562,38.65,62,NULL,6,NULL),(563,38.65,63,NULL,6,NULL),(564,38.65,64,NULL,6,NULL),(565,38.65,65,NULL,6,NULL),(566,38.65,66,NULL,6,NULL),(567,38.65,67,NULL,6,NULL),(568,38.65,68,NULL,6,NULL),(569,38.65,69,NULL,6,NULL),(570,38.65,70,NULL,6,NULL),(571,38.65,71,NULL,6,NULL),(572,38.65,72,NULL,6,NULL),(573,38.65,73,NULL,6,NULL),(574,38.65,74,NULL,6,NULL),(575,38.65,75,NULL,6,NULL),(576,38.65,76,NULL,6,NULL),(577,38.65,77,NULL,6,NULL),(578,38.65,78,NULL,6,NULL),(579,38.65,79,NULL,6,NULL),(580,38.65,80,NULL,6,NULL),(581,38.65,81,NULL,6,NULL),(582,38.65,82,NULL,6,NULL),(583,38.65,83,NULL,6,NULL),(584,38.65,84,NULL,6,NULL),(585,38.65,85,NULL,6,NULL),(586,38.65,86,NULL,6,NULL),(587,38.65,87,NULL,6,NULL),(588,38.65,88,NULL,6,NULL),(589,38.65,89,NULL,6,NULL),(590,38.65,90,NULL,6,NULL),(591,38.65,91,NULL,6,NULL),(592,38.65,92,NULL,6,NULL),(593,38.65,93,NULL,6,NULL),(594,38.65,94,NULL,6,NULL),(595,38.65,95,NULL,6,NULL),(596,38.65,96,NULL,6,NULL),(597,38.65,97,NULL,6,NULL),(598,38.65,98,NULL,6,NULL),(599,38.65,99,NULL,6,NULL),(600,38.65,100,NULL,6,NULL),(601,32.97,1,NULL,7,NULL),(602,32.97,2,NULL,7,NULL),(603,32.97,3,NULL,7,NULL),(604,32.97,4,NULL,7,NULL),(605,32.97,5,NULL,7,NULL),(606,32.97,6,NULL,7,NULL),(607,32.97,7,NULL,7,NULL),(608,32.97,8,NULL,7,NULL),(609,32.97,9,NULL,7,NULL),(610,32.97,10,NULL,7,NULL),(611,32.97,11,NULL,7,NULL),(612,32.97,12,NULL,7,NULL),(613,32.97,13,NULL,7,NULL),(614,32.97,14,NULL,7,NULL),(615,32.97,15,NULL,7,NULL),(616,32.97,16,NULL,7,NULL),(617,32.97,17,NULL,7,NULL),(618,32.97,18,NULL,7,NULL),(619,32.97,19,NULL,7,NULL),(620,32.97,20,NULL,7,NULL),(621,32.97,21,NULL,7,NULL),(622,32.97,22,NULL,7,NULL),(623,32.97,23,NULL,7,NULL),(624,32.97,24,NULL,7,NULL),(625,32.97,25,NULL,7,NULL),(626,32.97,26,NULL,7,NULL),(627,32.97,27,NULL,7,NULL),(628,32.97,28,NULL,7,NULL),(629,32.97,29,NULL,7,NULL),(630,32.97,30,NULL,7,NULL),(631,32.97,31,NULL,7,NULL),(632,32.97,32,NULL,7,NULL),(633,32.97,33,NULL,7,NULL),(634,32.97,34,NULL,7,NULL),(635,32.97,35,NULL,7,NULL),(636,32.97,36,NULL,7,NULL),(637,32.97,37,NULL,7,NULL),(638,32.97,38,NULL,7,NULL),(639,32.97,39,NULL,7,NULL),(640,32.97,40,NULL,7,NULL),(641,32.97,41,NULL,7,NULL),(642,32.97,42,NULL,7,NULL),(643,32.97,43,NULL,7,NULL),(644,32.97,44,NULL,7,NULL),(645,32.97,45,NULL,7,NULL),(646,32.97,46,NULL,7,NULL),(647,32.97,47,NULL,7,NULL),(648,32.97,48,NULL,7,NULL),(649,32.97,49,NULL,7,NULL),(650,32.97,50,NULL,7,NULL),(651,32.97,51,NULL,7,NULL),(652,32.97,52,NULL,7,NULL),(653,32.97,53,NULL,7,NULL),(654,32.97,54,NULL,7,NULL),(655,32.97,55,NULL,7,NULL),(656,32.97,56,NULL,7,NULL),(657,32.97,57,NULL,7,NULL),(658,32.97,58,NULL,7,NULL),(659,32.97,59,NULL,7,NULL),(660,32.97,60,NULL,7,NULL),(661,32.97,61,NULL,7,NULL),(662,32.97,62,NULL,7,NULL),(663,32.97,63,NULL,7,NULL),(664,32.97,64,NULL,7,NULL),(665,32.97,65,NULL,7,NULL),(666,32.97,66,NULL,7,NULL),(667,32.97,67,NULL,7,NULL),(668,32.97,68,NULL,7,NULL),(669,32.97,69,NULL,7,NULL),(670,32.97,70,NULL,7,NULL),(671,32.97,71,NULL,7,NULL),(672,32.97,72,NULL,7,NULL),(673,32.97,73,NULL,7,NULL),(674,32.97,74,NULL,7,NULL),(675,32.97,75,NULL,7,NULL),(676,32.97,76,NULL,7,NULL),(677,32.97,77,NULL,7,NULL),(678,32.97,78,NULL,7,NULL),(679,32.97,79,NULL,7,NULL),(680,32.97,80,NULL,7,NULL),(681,32.97,81,NULL,7,NULL),(682,32.97,82,NULL,7,NULL),(683,32.97,83,NULL,7,NULL),(684,32.97,84,NULL,7,NULL),(685,32.97,85,NULL,7,NULL),(686,32.97,86,NULL,7,NULL),(687,32.97,87,NULL,7,NULL),(688,32.97,88,NULL,7,NULL),(689,32.97,89,NULL,7,NULL),(690,32.97,90,NULL,7,NULL),(691,32.97,91,NULL,7,NULL),(692,32.97,92,NULL,7,NULL),(693,32.97,93,NULL,7,NULL),(694,32.97,94,NULL,7,NULL),(695,32.97,95,NULL,7,NULL),(696,32.97,96,NULL,7,NULL),(697,32.97,97,NULL,7,NULL),(698,32.97,98,NULL,7,NULL),(699,32.97,99,NULL,7,NULL),(700,32.97,100,NULL,7,NULL),(701,20.77,1,NULL,8,NULL),(702,20.77,2,NULL,8,NULL),(703,20.77,3,NULL,8,NULL),(704,20.77,4,NULL,8,NULL),(705,20.77,5,NULL,8,NULL),(706,20.77,6,NULL,8,NULL),(707,20.77,7,NULL,8,NULL),(708,20.77,8,NULL,8,NULL),(709,20.77,9,NULL,8,NULL),(710,20.77,10,NULL,8,NULL),(711,20.77,11,NULL,8,NULL),(712,20.77,12,NULL,8,NULL),(713,20.77,13,NULL,8,NULL),(714,20.77,14,NULL,8,NULL),(715,20.77,15,NULL,8,NULL),(716,20.77,16,NULL,8,NULL),(717,20.77,17,NULL,8,NULL),(718,20.77,18,NULL,8,NULL),(719,20.77,19,NULL,8,NULL),(720,20.77,20,NULL,8,NULL),(721,20.77,21,NULL,8,NULL),(722,20.77,22,NULL,8,NULL),(723,20.77,23,NULL,8,NULL),(724,20.77,24,NULL,8,NULL),(725,20.77,25,NULL,8,NULL),(726,20.77,26,NULL,8,NULL),(727,20.77,27,NULL,8,NULL),(728,20.77,28,NULL,8,NULL),(729,20.77,29,NULL,8,NULL),(730,20.77,30,NULL,8,NULL),(731,20.77,31,NULL,8,NULL),(732,20.77,32,NULL,8,NULL),(733,20.77,33,NULL,8,NULL),(734,20.77,34,NULL,8,NULL),(735,20.77,35,NULL,8,NULL),(736,20.77,36,NULL,8,NULL),(737,20.77,37,NULL,8,NULL),(738,20.77,38,NULL,8,NULL),(739,20.77,39,NULL,8,NULL),(740,20.77,40,NULL,8,NULL),(741,20.77,41,NULL,8,NULL),(742,20.77,42,NULL,8,NULL),(743,20.77,43,NULL,8,NULL),(744,20.77,44,NULL,8,NULL),(745,20.77,45,NULL,8,NULL),(746,20.77,46,NULL,8,NULL),(747,20.77,47,NULL,8,NULL),(748,20.77,48,NULL,8,NULL),(749,20.77,49,NULL,8,NULL),(750,20.77,50,NULL,8,NULL),(751,20.77,51,NULL,8,NULL),(752,20.77,52,NULL,8,NULL),(753,20.77,53,NULL,8,NULL),(754,20.77,54,NULL,8,NULL),(755,20.77,55,NULL,8,NULL),(756,20.77,56,NULL,8,NULL),(757,20.77,57,NULL,8,NULL),(758,20.77,58,NULL,8,NULL),(759,20.77,59,NULL,8,NULL),(760,20.77,60,NULL,8,NULL),(761,20.77,61,NULL,8,NULL),(762,20.77,62,NULL,8,NULL),(763,20.77,63,NULL,8,NULL),(764,20.77,64,NULL,8,NULL),(765,20.77,65,NULL,8,NULL),(766,20.77,66,NULL,8,NULL),(767,20.77,67,NULL,8,NULL),(768,20.77,68,NULL,8,NULL),(769,20.77,69,NULL,8,NULL),(770,20.77,70,NULL,8,NULL),(771,20.77,71,NULL,8,NULL),(772,20.77,72,NULL,8,NULL),(773,20.77,73,NULL,8,NULL),(774,20.77,74,NULL,8,NULL),(775,20.77,75,NULL,8,NULL),(776,20.77,76,NULL,8,NULL),(777,20.77,77,NULL,8,NULL),(778,20.77,78,NULL,8,NULL),(779,20.77,79,NULL,8,NULL),(780,20.77,80,NULL,8,NULL),(781,20.77,81,NULL,8,NULL),(782,20.77,82,NULL,8,NULL),(783,20.77,83,NULL,8,NULL),(784,20.77,84,NULL,8,NULL),(785,20.77,85,NULL,8,NULL),(786,20.77,86,NULL,8,NULL),(787,20.77,87,NULL,8,NULL),(788,20.77,88,NULL,8,NULL),(789,20.77,89,NULL,8,NULL),(790,20.77,90,NULL,8,NULL),(791,20.77,91,NULL,8,NULL),(792,20.77,92,NULL,8,NULL),(793,20.77,93,NULL,8,NULL),(794,20.77,94,NULL,8,NULL),(795,20.77,95,NULL,8,NULL),(796,20.77,96,NULL,8,NULL),(797,20.77,97,NULL,8,NULL),(798,20.77,98,NULL,8,NULL),(799,20.77,99,NULL,8,NULL),(800,20.77,100,NULL,8,NULL),(801,46.32,1,NULL,9,NULL),(802,46.32,2,NULL,9,NULL),(803,46.32,3,NULL,9,NULL),(804,46.32,4,NULL,9,NULL),(805,46.32,5,NULL,9,NULL),(806,46.32,6,NULL,9,NULL),(807,46.32,7,NULL,9,NULL),(808,46.32,8,NULL,9,NULL),(809,46.32,9,NULL,9,NULL),(810,46.32,10,NULL,9,NULL),(811,46.32,11,NULL,9,NULL),(812,46.32,12,NULL,9,NULL),(813,46.32,13,NULL,9,NULL),(814,46.32,14,NULL,9,NULL),(815,46.32,15,NULL,9,NULL),(816,46.32,16,NULL,9,NULL),(817,46.32,17,NULL,9,NULL),(818,46.32,18,NULL,9,NULL),(819,46.32,19,NULL,9,NULL),(820,46.32,20,NULL,9,NULL),(821,46.32,21,NULL,9,NULL),(822,46.32,22,NULL,9,NULL),(823,46.32,23,NULL,9,NULL),(824,46.32,24,NULL,9,NULL),(825,46.32,25,NULL,9,NULL),(826,46.32,26,NULL,9,NULL),(827,46.32,27,NULL,9,NULL),(828,46.32,28,NULL,9,NULL),(829,46.32,29,NULL,9,NULL),(830,46.32,30,NULL,9,NULL),(831,46.32,31,NULL,9,NULL),(832,46.32,32,NULL,9,NULL),(833,46.32,33,NULL,9,NULL),(834,46.32,34,NULL,9,NULL),(835,46.32,35,NULL,9,NULL),(836,46.32,36,NULL,9,NULL),(837,46.32,37,NULL,9,NULL),(838,46.32,38,NULL,9,NULL),(839,46.32,39,NULL,9,NULL),(840,46.32,40,NULL,9,NULL),(841,46.32,41,NULL,9,NULL),(842,46.32,42,NULL,9,NULL),(843,46.32,43,NULL,9,NULL),(844,46.32,44,NULL,9,NULL),(845,46.32,45,NULL,9,NULL),(846,46.32,46,NULL,9,NULL),(847,46.32,47,NULL,9,NULL),(848,46.32,48,NULL,9,NULL),(849,46.32,49,NULL,9,NULL),(850,46.32,50,NULL,9,NULL),(851,46.32,51,NULL,9,NULL),(852,46.32,52,NULL,9,NULL),(853,46.32,53,NULL,9,NULL),(854,46.32,54,NULL,9,NULL),(855,46.32,55,NULL,9,NULL),(856,46.32,56,NULL,9,NULL),(857,46.32,57,NULL,9,NULL),(858,46.32,58,NULL,9,NULL),(859,46.32,59,NULL,9,NULL),(860,46.32,60,NULL,9,NULL),(861,46.32,61,NULL,9,NULL),(862,46.32,62,NULL,9,NULL),(863,46.32,63,NULL,9,NULL),(864,46.32,64,NULL,9,NULL),(865,46.32,65,NULL,9,NULL),(866,46.32,66,NULL,9,NULL),(867,46.32,67,NULL,9,NULL),(868,46.32,68,NULL,9,NULL),(869,46.32,69,NULL,9,NULL),(870,46.32,70,NULL,9,NULL),(871,46.32,71,NULL,9,NULL),(872,46.32,72,NULL,9,NULL),(873,46.32,73,NULL,9,NULL),(874,46.32,74,NULL,9,NULL),(875,46.32,75,NULL,9,NULL),(876,46.32,76,NULL,9,NULL),(877,46.32,77,NULL,9,NULL),(878,46.32,78,NULL,9,NULL),(879,46.32,79,NULL,9,NULL),(880,46.32,80,NULL,9,NULL),(881,46.32,81,NULL,9,NULL),(882,46.32,82,NULL,9,NULL),(883,46.32,83,NULL,9,NULL),(884,46.32,84,NULL,9,NULL),(885,46.32,85,NULL,9,NULL),(886,46.32,86,NULL,9,NULL),(887,46.32,87,NULL,9,NULL),(888,46.32,88,NULL,9,NULL),(889,46.32,89,NULL,9,NULL),(890,46.32,90,NULL,9,NULL),(891,46.32,91,NULL,9,NULL),(892,46.32,92,NULL,9,NULL),(893,46.32,93,NULL,9,NULL),(894,46.32,94,NULL,9,NULL),(895,46.32,95,NULL,9,NULL),(896,46.32,96,NULL,9,NULL),(897,46.32,97,NULL,9,NULL),(898,46.32,98,NULL,9,NULL),(899,46.32,99,NULL,9,NULL),(900,46.32,100,NULL,9,NULL),(901,42,1,NULL,10,NULL),(902,42,2,NULL,10,NULL),(903,42,3,NULL,10,NULL),(904,42,4,NULL,10,NULL),(905,42,5,NULL,10,NULL),(906,42,6,NULL,10,NULL),(907,42,7,NULL,10,NULL),(908,42,8,NULL,10,NULL),(909,42,9,NULL,10,NULL),(910,42,10,NULL,10,NULL),(911,42,11,NULL,10,NULL),(912,42,12,NULL,10,NULL),(913,42,13,NULL,10,NULL),(914,42,14,NULL,10,NULL),(915,42,15,NULL,10,NULL),(916,42,16,NULL,10,NULL),(917,42,17,NULL,10,NULL),(918,42,18,NULL,10,NULL),(919,42,19,NULL,10,NULL),(920,42,20,NULL,10,NULL),(921,42,21,NULL,10,NULL),(922,42,22,NULL,10,NULL),(923,42,23,NULL,10,NULL),(924,42,24,NULL,10,NULL),(925,42,25,NULL,10,NULL),(926,42,26,NULL,10,NULL),(927,42,27,NULL,10,NULL),(928,42,28,NULL,10,NULL),(929,42,29,NULL,10,NULL),(930,42,30,NULL,10,NULL),(931,42,31,NULL,10,NULL),(932,42,32,NULL,10,NULL),(933,42,33,NULL,10,NULL),(934,42,34,NULL,10,NULL),(935,42,35,NULL,10,NULL),(936,42,36,NULL,10,NULL),(937,42,37,NULL,10,NULL),(938,42,38,NULL,10,NULL),(939,42,39,NULL,10,NULL),(940,42,40,NULL,10,NULL),(941,42,41,NULL,10,NULL),(942,42,42,NULL,10,NULL),(943,42,43,NULL,10,NULL),(944,42,44,NULL,10,NULL),(945,42,45,NULL,10,NULL),(946,42,46,NULL,10,NULL),(947,42,47,NULL,10,NULL),(948,42,48,NULL,10,NULL),(949,42,49,NULL,10,NULL),(950,42,50,NULL,10,NULL),(951,42,51,NULL,10,NULL),(952,42,52,NULL,10,NULL),(953,42,53,NULL,10,NULL),(954,42,54,NULL,10,NULL),(955,42,55,NULL,10,NULL),(956,42,56,NULL,10,NULL),(957,42,57,NULL,10,NULL),(958,42,58,NULL,10,NULL),(959,42,59,NULL,10,NULL),(960,42,60,NULL,10,NULL),(961,42,61,NULL,10,NULL),(962,42,62,NULL,10,NULL),(963,42,63,NULL,10,NULL),(964,42,64,NULL,10,NULL),(965,42,65,NULL,10,NULL),(966,42,66,NULL,10,NULL),(967,42,67,NULL,10,NULL),(968,42,68,NULL,10,NULL),(969,42,69,NULL,10,NULL),(970,42,70,NULL,10,NULL),(971,42,71,NULL,10,NULL),(972,42,72,NULL,10,NULL),(973,42,73,NULL,10,NULL),(974,42,74,NULL,10,NULL),(975,42,75,NULL,10,NULL),(976,42,76,NULL,10,NULL),(977,42,77,NULL,10,NULL),(978,42,78,NULL,10,NULL),(979,42,79,NULL,10,NULL),(980,42,80,NULL,10,NULL),(981,42,81,NULL,10,NULL),(982,42,82,NULL,10,NULL),(983,42,83,NULL,10,NULL),(984,42,84,NULL,10,NULL),(985,42,85,NULL,10,NULL),(986,42,86,NULL,10,NULL),(987,42,87,NULL,10,NULL),(988,42,88,NULL,10,NULL),(989,42,89,NULL,10,NULL),(990,42,90,NULL,10,NULL),(991,42,91,NULL,10,NULL),(992,42,92,NULL,10,NULL),(993,42,93,NULL,10,NULL),(994,42,94,NULL,10,NULL),(995,42,95,NULL,10,NULL),(996,42,96,NULL,10,NULL),(997,42,97,NULL,10,NULL),(998,42,98,NULL,10,NULL),(999,42,99,NULL,10,NULL),(1000,42,100,NULL,10,NULL);
/*!40000 ALTER TABLE `seats` ENABLE KEYS */;
UNLOCK TABLES;

--
-- Table structure for table `seats_seq`
--

DROP TABLE IF EXISTS `seats_seq`;
/*!40101 SET @saved_cs_client     = @@character_set_client */;
/*!50503 SET character_set_client = utf8mb4 */;
CREATE TABLE `seats_seq` (
  `next_val` bigint DEFAULT NULL
) ENGINE=InnoDB DEFAULT CHARSET=utf8mb4 COLLATE=utf8mb4_0900_ai_ci;
/*!40101 SET character_set_client = @saved_cs_client */;

--
-- Dumping data for table `seats_seq`
--

LOCK TABLES `seats_seq` WRITE;
/*!40000 ALTER TABLE `seats_seq` DISABLE KEYS */;
INSERT INTO `seats_seq` VALUES (1);
/*!40000 ALTER TABLE `seats_seq` ENABLE KEYS */;
UNLOCK TABLES;

--
-- Table structure for table `theatre`
--

DROP TABLE IF EXISTS `theatre`;
/*!40101 SET @saved_cs_client     = @@character_set_client */;
/*!50503 SET character_set_client = utf8mb4 */;
CREATE TABLE `theatre` (
  `id` bigint NOT NULL AUTO_INCREMENT,
  `description` varchar(255) DEFAULT NULL,
  `theatre_name` varchar(255) NOT NULL,
  PRIMARY KEY (`id`)
) ENGINE=InnoDB AUTO_INCREMENT=4 DEFAULT CHARSET=utf8mb4 COLLATE=utf8mb4_0900_ai_ci;
/*!40101 SET character_set_client = @saved_cs_client */;

--
-- Dumping data for table `theatre`
--

LOCK TABLES `theatre` WRITE;
/*!40000 ALTER TABLE `theatre` DISABLE KEYS */;
INSERT INTO `theatre` VALUES (1,'Description 1','Theatre 1'),(2,'Description 2','Theatre 2'),(3,'Description 3','Theatre 3');
/*!40000 ALTER TABLE `theatre` ENABLE KEYS */;
UNLOCK TABLES;

--
-- Table structure for table `ticket_booking`
--

DROP TABLE IF EXISTS `ticket_booking`;
/*!40101 SET @saved_cs_client     = @@character_set_client */;
/*!50503 SET character_set_client = utf8mb4 */;
CREATE TABLE `ticket_booking` (
  `id` bigint NOT NULL AUTO_INCREMENT,
  `receipt_id` bigint NOT NULL,
  `screening_id` bigint NOT NULL,
  `seat_id` bigint NOT NULL,
  PRIMARY KEY (`id`),
  UNIQUE KEY `UKbg9s7sp1fjq4alrj55dgbq6ov` (`receipt_id`),
  KEY `FKrk9uluqrgmp2nhs91e3jgfi9i` (`screening_id`),
  KEY `FK5c5bi9s2s8rdm59bajfuxdxeb` (`seat_id`),
  CONSTRAINT `FK5c5bi9s2s8rdm59bajfuxdxeb` FOREIGN KEY (`seat_id`) REFERENCES `seats` (`id`),
  CONSTRAINT `FK9exy27eboxoni4axm9nr6f909` FOREIGN KEY (`receipt_id`) REFERENCES `receipt` (`id`),
  CONSTRAINT `FKrk9uluqrgmp2nhs91e3jgfi9i` FOREIGN KEY (`screening_id`) REFERENCES `screenings` (`id`)
) ENGINE=InnoDB DEFAULT CHARSET=utf8mb4 COLLATE=utf8mb4_0900_ai_ci;
/*!40101 SET character_set_client = @saved_cs_client */;

--
-- Dumping data for table `ticket_booking`
--

LOCK TABLES `ticket_booking` WRITE;
/*!40000 ALTER TABLE `ticket_booking` DISABLE KEYS */;
/*!40000 ALTER TABLE `ticket_booking` ENABLE KEYS */;
UNLOCK TABLES;

--
-- Table structure for table `user`
--

DROP TABLE IF EXISTS `user`;
/*!40101 SET @saved_cs_client     = @@character_set_client */;
/*!50503 SET character_set_client = utf8mb4 */;
CREATE TABLE `user` (
  `id` bigint NOT NULL AUTO_INCREMENT,
  `address` varchar(255) DEFAULT NULL,
  `email` varchar(255) DEFAULT NULL,
  `name` varchar(255) DEFAULT NULL,
  `card_number` varchar(255) DEFAULT NULL,
  `cvv` int DEFAULT NULL,
  `expiry_date` varchar(255) DEFAULT NULL,
  PRIMARY KEY (`id`),
  UNIQUE KEY `UKob8kqyqqgmefl0aco34akdtpe` (`email`)
) ENGINE=InnoDB AUTO_INCREMENT=5 DEFAULT CHARSET=utf8mb4 COLLATE=utf8mb4_0900_ai_ci;
/*!40101 SET character_set_client = @saved_cs_client */;

--
-- Dumping data for table `user`
--

LOCK TABLES `user` WRITE;
/*!40000 ALTER TABLE `user` DISABLE KEYS */;
INSERT INTO `user` VALUES (1,'765 Street','user@example.com','eugene',NULL,NULL,NULL),(2,'123123','bob@test.ca','bob',NULL,NULL,NULL),(3,'None','test@test.com','TestByJustin',NULL,NULL,NULL),(4,'234 Tim Ave','Timmy@gmail.com','Timmy',NULL,NULL,NULL);
/*!40000 ALTER TABLE `user` ENABLE KEYS */;
UNLOCK TABLES;

--
-- Table structure for table `user_ticket_bookings`
--

DROP TABLE IF EXISTS `user_ticket_bookings`;
/*!40101 SET @saved_cs_client     = @@character_set_client */;
/*!50503 SET character_set_client = utf8mb4 */;
CREATE TABLE `user_ticket_bookings` (
  `user_id` bigint NOT NULL,
  `ticket_bookings_id` bigint NOT NULL,
  UNIQUE KEY `UKgc2f10qtnu7xx09nw67oiih3n` (`ticket_bookings_id`),
  KEY `FKk54g1g1a2dnfmuptcln0yitdt` (`user_id`),
  CONSTRAINT `FK9xnfae254rs53xelca8mg2qso` FOREIGN KEY (`ticket_bookings_id`) REFERENCES `ticket_booking` (`id`),
  CONSTRAINT `FKk54g1g1a2dnfmuptcln0yitdt` FOREIGN KEY (`user_id`) REFERENCES `user` (`id`)
) ENGINE=InnoDB DEFAULT CHARSET=utf8mb4 COLLATE=utf8mb4_0900_ai_ci;
/*!40101 SET character_set_client = @saved_cs_client */;

--
-- Dumping data for table `user_ticket_bookings`
--

LOCK TABLES `user_ticket_bookings` WRITE;
/*!40000 ALTER TABLE `user_ticket_bookings` DISABLE KEYS */;
/*!40000 ALTER TABLE `user_ticket_bookings` ENABLE KEYS */;
UNLOCK TABLES;
/*!40103 SET TIME_ZONE=@OLD_TIME_ZONE */;

/*!40101 SET SQL_MODE=@OLD_SQL_MODE */;
/*!40014 SET FOREIGN_KEY_CHECKS=@OLD_FOREIGN_KEY_CHECKS */;
/*!40014 SET UNIQUE_CHECKS=@OLD_UNIQUE_CHECKS */;
/*!40101 SET CHARACTER_SET_CLIENT=@OLD_CHARACTER_SET_CLIENT */;
/*!40101 SET CHARACTER_SET_RESULTS=@OLD_CHARACTER_SET_RESULTS */;
/*!40101 SET COLLATION_CONNECTION=@OLD_COLLATION_CONNECTION */;
/*!40111 SET SQL_NOTES=@OLD_SQL_NOTES */;

-- Dump completed on 2024-12-01 23:15:44
